{
  "onFaultSupraSeisMFD": {
    "name": "Gutenberg Richter Dist",
    "info": "minMag=6.25; maxMag=7.75; numMag=16; bValue=1.0; magLower=6.25; magUpper=7.75; totMoRate=1.13042508E18; totCumRate=0.046279073",
    "size": 16,
    "minX": 6.25,
    "maxX": 7.75,
    "tolerance": 1.0000000000000001E-7,
    "values": [
      [
        6.25,
        0.009763548145576667
      ],
      [
        6.35,
        0.007755461963121454
      ],
      [
        6.45,
        0.006160382410637567
      ],
      [
        6.55,
        0.004893365685468257
      ],
      [
        6.65,
        0.003886938526798369
      ],
      [
        6.75,
        0.0030875050184735503
      ],
      [
        6.85,
        0.002452492411026458
      ],
      [
        6.95,
        0.0019480839675253409
      ],
      [
        7.05,
        0.0015474180990190797
      ],
      [
        7.15,
        0.0012291578869742274
      ],
      [
        7.25,
        9.763548145576668E-4
      ],
      [
        7.35,
        7.755461963121454E-4
      ],
      [
        7.45,
        6.160382410637568E-4
      ],
      [
        7.55,
        4.893365685468257E-4
      ],
      [
        7.65,
        3.8869385267983696E-4
      ],
      [
        7.75,
        3.0875050184735506E-4
      ]
    ]
  },
  "mfdConstraints": [
    {
      "mfd": {
        "name": "Gutenberg Richter Dist",
        "info": "minMag=6.25; maxMag=7.75; numMag=16; bValue=1.0; magLower=6.25; magUpper=7.75; totMoRate=1.13042508E18; totCumRate=0.046279073",
        "size": 16,
        "minX": 6.25,
        "maxX": 7.75,
        "tolerance": 1.0000000000000001E-7,
        "values": [
          [
            6.25,
            0.009763548145576667
          ],
          [
            6.35,
            0.007755461963121454
          ],
          [
            6.45,
            0.006160382410637567
          ],
          [
            6.55,
            0.004893365685468257
          ],
          [
            6.65,
            0.003886938526798369
          ],
          [
            6.75,
            0.0030875050184735503
          ],
          [
            6.85,
            0.002452492411026458
          ],
          [
            6.95,
            0.0019480839675253409
          ],
          [
            7.05,
            0.0015474180990190797
          ],
          [
            7.15,
            0.0012291578869742274
          ],
          [
            7.25,
            9.763548145576668E-4
          ],
          [
            7.35,
            7.755461963121454E-4
          ],
          [
            7.45,
            6.160382410637568E-4
          ],
          [
            7.55,
            4.893365685468257E-4
          ],
          [
            7.65,
            3.8869385267983696E-4
          ],
          [
            7.75,
            3.0875050184735506E-4
          ]
        ]
      }
    }
  ]
}