[
  {
    "name": "Rupture Average Slips",
    "className": "org.opensha.sha.earthquake.faultSysSolution.modules.AveSlipModule$Precomputed",
    "path": "ruptures/",
    "assets": [
      "average_slips.csv"
    ]
  },
  {
    "name": "Inversion Target MFDs",
    "className": "scratch.UCERF3.inversion.InversionTargetMFDs$Precomputed",
    "path": "ruptures/",
    "assets": [
      "inversion_target_mfds.json"
    ]
  },
  {
    "name": "Single-Strand Cluster Ruptures",
    "className": "org.opensha.sha.earthquake.faultSysSolution.modules.ClusterRuptures$SingleStranded",
    "path": "ruptures/",
    "assets": []
  },
  {
    "name": "Plausibility Configuration",
    "className": "org.opensha.sha.earthquake.faultSysSolution.ruptures.plausibility.PlausibilityConfiguration",
    "path": "ruptures/",
    "assets": [
      "plausibility.json"
    ]
  }
]
