{
  "connectionStrategy": {
    "name": "ClosestSectPair: maxDist\u003d5 km",
    "maxJumpDist": 5.0,
    "clusters": [
      {
        "parentID": 154,
        "subSectIDs": [
          0,
          1,
          2
        ],
        "connections": [
          {
            "fromSectID": 0,
            "toParentID": 807,
            "toSectID": 33,
            "distance": 0.11848578008455432
          }
        ]
      },
      {
        "parentID": 804,
        "subSectIDs": [
          3,
          4,
          5,
          6,
          7,
          8
        ],
        "connections": [
          {
            "fromSectID": 8,
            "toParentID": 803,
            "toSectID": 15,
            "distance": 2.121971665047795E-12
          },
          {
            "fromSectID": 8,
            "toParentID": 802,
            "toSectID": 23,
            "distance": 3.4873683424433164
          },
          {
            "fromSectID": 3,
            "toParentID": 805,
            "toSectID": 45,
            "distance": 7.07323888349265E-13
          }
        ]
      },
      {
        "parentID": 801,
        "subSectIDs": [
          9,
          10,
          11,
          12,
          13,
          14
        ],
        "connections": [
          {
            "fromSectID": 9,
            "toParentID": 802,
            "toSectID": 29,
            "distance": 0.0
          },
          {
            "fromSectID": 14,
            "toParentID": 800,
            "toSectID": 38,
            "distance": 2.476001191557256E-12
          }
        ]
      },
      {
        "parentID": 803,
        "subSectIDs": [
          15,
          16,
          17,
          18,
          19,
          20,
          21,
          22
        ],
        "connections": [
          {
            "fromSectID": 15,
            "toParentID": 804,
            "toSectID": 8,
            "distance": 2.121971665047795E-12
          },
          {
            "fromSectID": 15,
            "toParentID": 802,
            "toSectID": 23,
            "distance": 3.5232814736426796
          }
        ]
      },
      {
        "parentID": 802,
        "subSectIDs": [
          23,
          24,
          25,
          26,
          27,
          28,
          29
        ],
        "connections": [
          {
            "fromSectID": 23,
            "toParentID": 804,
            "toSectID": 8,
            "distance": 3.4873683424433164
          },
          {
            "fromSectID": 29,
            "toParentID": 801,
            "toSectID": 9,
            "distance": 0.0
          },
          {
            "fromSectID": 23,
            "toParentID": 803,
            "toSectID": 15,
            "distance": 3.5232814736426796
          }
        ]
      },
      {
        "parentID": 807,
        "subSectIDs": [
          30,
          31,
          32,
          33,
          34
        ],
        "connections": [
          {
            "fromSectID": 33,
            "toParentID": 154,
            "toSectID": 0,
            "distance": 0.11848578008455432
          },
          {
            "fromSectID": 34,
            "toParentID": 806,
            "toSectID": 35,
            "distance": 7.07323888349265E-13
          }
        ]
      },
      {
        "parentID": 806,
        "subSectIDs": [
          35,
          36,
          37
        ],
        "connections": [
          {
            "fromSectID": 35,
            "toParentID": 807,
            "toSectID": 34,
            "distance": 7.07323888349265E-13
          },
          {
            "fromSectID": 37,
            "toParentID": 805,
            "toSectID": 43,
            "distance": 0.0
          }
        ]
      },
      {
        "parentID": 800,
        "subSectIDs": [
          38,
          39,
          40,
          41,
          42
        ],
        "connections": [
          {
            "fromSectID": 38,
            "toParentID": 801,
            "toSectID": 14,
            "distance": 2.476001191557256E-12
          }
        ]
      },
      {
        "parentID": 805,
        "subSectIDs": [
          43,
          44,
          45
        ],
        "connections": [
          {
            "fromSectID": 45,
            "toParentID": 804,
            "toSectID": 3,
            "distance": 7.07323888349265E-13
          },
          {
            "fromSectID": 43,
            "toParentID": 806,
            "toSectID": 37,
            "distance": 0.0
          }
        ]
      }
    ]
  },
  "maxNumSplays": 0,
  "filters": [
    {
      "name": "Min Sections Per Parent",
      "shortName": "SectsPerParent",
      "class": "org.opensha.sha.earthquake.faultSysSolution.ruptures.plausibility.impl.MinSectsPerParentFilter",
      "adapter": "org.opensha.sha.earthquake.faultSysSolution.ruptures.plausibility.impl.MinSectsPerParentFilter$Adapter",
      "filter": {
        "minPerParent": 2,
        "allowIfNoDirect": true,
        "allowChained": true
      }
    },
    {
      "name": "Jump Azimuth Change Filter",
      "shortName": "JumpAz",
      "class": "org.opensha.sha.earthquake.faultSysSolution.ruptures.plausibility.impl.JumpAzimuthChangeFilter",
      "filter": {
        "azCalc": {
          "leftLateralRange": "[-45.0,45.0]"
        },
        "threshold": 60.0,
        "useEndpointsForSingle": true
      }
    },
    {
      "name": "Total Azimuth Change Filter",
      "shortName": "TotalAz",
      "class": "org.opensha.sha.earthquake.faultSysSolution.ruptures.plausibility.impl.TotalAzimuthChangeFilter",
      "filter": {
        "azCalc": {
          "leftLateralRange": "[-45.0,45.0]"
        },
        "threshold": 60.0,
        "multiFaultOnly": true,
        "testFullEnd": false
      }
    },
    {
      "name": "Cumulative Azimuth ≤560",
      "shortName": "CumAzimuth≤560",
      "class": "org.opensha.sha.earthquake.faultSysSolution.ruptures.plausibility.impl.CumulativeAzimuthChangeFilter",
      "filter": {
        "azCalc": {},
        "threshold": 560.0
      }
    },
    {
      "name": "Cumulative Rake Change ≤180",
      "shortName": "CumRake≤180",
      "class": "org.opensha.sha.earthquake.faultSysSolution.ruptures.plausibility.impl.CumulativeRakeChangeFilter",
      "filter": {
        "threshold": 180.0
      }
    }
  ]
}