{
  "connectionStrategy": {
    "name": "No Connectivity",
    "maxJumpDist": 0.0,
    "clusters": [
      {
        "parentID": 154,
        "subSectIDs": [
          0,
          1,
          2
        ]
      },
      {
        "parentID": 804,
        "subSectIDs": [
          3,
          4,
          5,
          6,
          7,
          8
        ]
      },
      {
        "parentID": 801,
        "subSectIDs": [
          9,
          10,
          11,
          12,
          13,
          14
        ]
      },
      {
        "parentID": 803,
        "subSectIDs": [
          15,
          16,
          17,
          18,
          19,
          20,
          21,
          22
        ]
      },
      {
        "parentID": 802,
        "subSectIDs": [
          23,
          24,
          25,
          26,
          27,
          28,
          29
        ]
      },
      {
        "parentID": 807,
        "subSectIDs": [
          30,
          31,
          32,
          33,
          34
        ]
      },
      {
        "parentID": 806,
        "subSectIDs": [
          35,
          36,
          37
        ]
      },
      {
        "parentID": 800,
        "subSectIDs": [
          38,
          39,
          40,
          41,
          42
        ]
      },
      {
        "parentID": 805,
        "subSectIDs": [
          43,
          44,
          45
        ]
      }
    ]
  },
  "maxNumSplays": 0,
  "filters": [
    {
      "name": "No Jumps",
      "shortName": "NoJumps",
      "class": "org.opensha.sha.earthquake.faultSysSolution.ruptures.plausibility.impl.NoJumpsFilter",
      "filter": {}
    }
  ]
}