{
  "connectionStrategy": {
    "name": "ClosestSectPair: maxDist\u003d5 km",
    "maxJumpDist": 5.0,
    "clusters": [
      {
        "parentID": 295,
        "subSectIDs": [
          0,
          1,
          2,
          3,
          4,
          5,
          6,
          7,
          8,
          9,
          10,
          11,
          12
        ],
        "connections": [
          {
            "fromSectID": 0,
            "toParentID": 284,
            "toSectID": 13,
            "distance": 0.0
          }
        ]
      },
      {
        "parentID": 284,
        "subSectIDs": [
          13,
          14,
          15,
          16,
          17,
          18,
          19,
          20
        ],
        "connections": [
          {
            "fromSectID": 13,
            "toParentID": 295,
            "toSectID": 0,
            "distance": 0.0
          },
          {
            "fromSectID": 20,
            "toParentID": 283,
            "toSectID": 27,
            "distance": 1.8222305966416772
          }
        ]
      },
      {
        "parentID": 283,
        "subSectIDs": [
          21,
          22,
          23,
          24,
          25,
          26,
          27
        ],
        "connections": [
          {
            "fromSectID": 27,
            "toParentID": 284,
            "toSectID": 20,
            "distance": 1.8222305966416772
          },
          {
            "fromSectID": 21,
            "toParentID": 282,
            "toSectID": 33,
            "distance": 0.0
          }
        ]
      },
      {
        "parentID": 282,
        "subSectIDs": [
          28,
          29,
          30,
          31,
          32,
          33
        ],
        "connections": [
          {
            "fromSectID": 33,
            "toParentID": 283,
            "toSectID": 21,
            "distance": 0.0
          },
          {
            "fromSectID": 28,
            "toParentID": 301,
            "toSectID": 48,
            "distance": 0.0
          }
        ]
      },
      {
        "parentID": 301,
        "subSectIDs": [
          34,
          35,
          36,
          37,
          38,
          39,
          40,
          41,
          42,
          43,
          44,
          45,
          46,
          47,
          48
        ],
        "connections": [
          {
            "fromSectID": 48,
            "toParentID": 282,
            "toSectID": 28,
            "distance": 0.0
          },
          {
            "fromSectID": 34,
            "toParentID": 286,
            "toSectID": 53,
            "distance": 0.0
          }
        ]
      },
      {
        "parentID": 286,
        "subSectIDs": [
          49,
          50,
          51,
          52,
          53
        ],
        "connections": [
          {
            "fromSectID": 53,
            "toParentID": 301,
            "toSectID": 34,
            "distance": 0.0
          },
          {
            "fromSectID": 49,
            "toParentID": 287,
            "toSectID": 60,
            "distance": 0.0
          }
        ]
      },
      {
        "parentID": 287,
        "subSectIDs": [
          54,
          55,
          56,
          57,
          58,
          59,
          60
        ],
        "connections": [
          {
            "fromSectID": 60,
            "toParentID": 286,
            "toSectID": 49,
            "distance": 0.0
          },
          {
            "fromSectID": 54,
            "toParentID": 300,
            "toSectID": 68,
            "distance": 0.005473587512384782
          }
        ]
      },
      {
        "parentID": 300,
        "subSectIDs": [
          61,
          62,
          63,
          64,
          65,
          66,
          67,
          68
        ],
        "connections": [
          {
            "fromSectID": 68,
            "toParentID": 287,
            "toSectID": 54,
            "distance": 0.005473587512384782
          },
          {
            "fromSectID": 61,
            "toParentID": 285,
            "toSectID": 69,
            "distance": 0.0061171069370125845
          }
        ]
      },
      {
        "parentID": 285,
        "subSectIDs": [
          69,
          70,
          71,
          72,
          73,
          74,
          75,
          76,
          77,
          78,
          79
        ],
        "connections": [
          {
            "fromSectID": 69,
            "toParentID": 300,
            "toSectID": 61,
            "distance": 0.0061171069370125845
          },
          {
            "fromSectID": 79,
            "toParentID": 32,
            "toSectID": 80,
            "distance": 0.0
          }
        ]
      },
      {
        "parentID": 32,
        "subSectIDs": [
          80,
          81,
          82,
          83,
          84,
          85,
          86,
          87
        ],
        "connections": [
          {
            "fromSectID": 80,
            "toParentID": 285,
            "toSectID": 79,
            "distance": 0.0
          }
        ]
      }
    ]
  },
  "maxNumSplays": 0,
  "filters": [
    {
      "name": "Min Sections Per Parent",
      "shortName": "SectsPerParent",
      "class": "org.opensha.sha.earthquake.faultSysSolution.ruptures.plausibility.impl.MinSectsPerParentFilter",
      "adapter": "org.opensha.sha.earthquake.faultSysSolution.ruptures.plausibility.impl.MinSectsPerParentFilter$Adapter",
      "filter": {
        "minPerParent": 2,
        "allowIfNoDirect": true,
        "allowChained": true
      }
    },
    {
      "name": "Jump Azimuth Change Filter",
      "shortName": "JumpAz",
      "class": "org.opensha.sha.earthquake.faultSysSolution.ruptures.plausibility.impl.JumpAzimuthChangeFilter",
      "filter": {
        "azCalc": {
          "leftLateralRange": "[-45.0,45.0]"
        },
        "threshold": 60.0,
        "useEndpointsForSingle": true
      }
    },
    {
      "name": "Total Azimuth Change Filter",
      "shortName": "TotalAz",
      "class": "org.opensha.sha.earthquake.faultSysSolution.ruptures.plausibility.impl.TotalAzimuthChangeFilter",
      "filter": {
        "azCalc": {
          "leftLateralRange": "[-45.0,45.0]"
        },
        "threshold": 60.0,
        "multiFaultOnly": true,
        "testFullEnd": false
      }
    },
    {
      "name": "Cumulative Azimuth ≤560",
      "shortName": "CumAzimuth≤560",
      "class": "org.opensha.sha.earthquake.faultSysSolution.ruptures.plausibility.impl.CumulativeAzimuthChangeFilter",
      "filter": {
        "azCalc": {},
        "threshold": 560.0
      }
    },
    {
      "name": "Cumulative Rake Change ≤180",
      "shortName": "CumRake≤180",
      "class": "org.opensha.sha.earthquake.faultSysSolution.ruptures.plausibility.impl.CumulativeRakeChangeFilter",
      "filter": {
        "threshold": 180.0
      }
    }
  ]
}